username,display_name
amitisinvesting,amit
JTLonsdale,Joe Lonsdale
cryps1s,DANÎž
geoffreylitt,Geoffrey Litt
simonw,Simon Willison
rasbt,Sebastian Raschka
rohanpaul_ai,Rohan Paul
MLStreetTalk,Machine Learning Street Talk
NeelNanda5,Neel Nanda
omarsar0,elvis
johncoogan,John Coogan
kevinakwok,Kevin Kwok
rpoo,Ross
bobmcgrewai,Bob McGrew
elianoayounes,Eliano A. Younes
traestephens,Trae Stephens
espricewright,Erin Price-Wright
JeremyKimball,Jeremy
arigesher,Ari Gesher
willmanning,Will Manning
wraithm,Matt Wraith
antifraudco,The Antifraud Company
drfeifei,Fei-Fei Li
birenbomb,Gabby Birenbaum
WesAField,Wes Field
chadwahl,Chad Wahlquist
thelastnode,Ankit Shankar
bwradford,bradford
ssankar,Shyam Sankar
MabreyTed,Ted Mabrey
petewilz,Peter Wilczynski
vjgtweets,Vishal Ganesan
SebastianCaliri,Sebastian Caliri
finite_states,raymond
permutans,Louis Maddox
rogerclark,rogerclark
satejsoman,your friendly neighborhood satejsoman
unwiseManik,Manik Bhat
theonetruemango,The One True Mango
vettishanks,Ashwin Shankar
